"ISO3","name",1995,1996,1997,1998,1999,2000,2001,2002,2003,2004,2005,2006,2007,2008,2009,2010,2011
"AFG","Afghanistan",,,,,,,,,,,,,,14.4,,,
"ALB","Albania",,,,,,,,,,,,,,100,,,
"DZA","Algeria",,,,,,,,,,,,,,99.3,,,
"AND","Andorra",,,,,,,,,,,,,,100,,,
"AGO","Angola",,,,,,,,,,,,,,26.2,,,
"ATG","Antigua and Barbuda",,,,,,,,,,,,,,95,,,
"ARG","Argentina",,,,,,,,,,,,,,97.2,,,
"ARM","Armenia",,,,,,,,,,,,,,100,,,
"AUS","Australia",,,,,,,,,,,,,,100,,,
"AUT","Austria",,,,,,,,,,,,,,100,,,
"AZE","Azerbaijan",,,,,,,,,,,,,,100,,,
"BHS","Bahamas",,,,,,,,,,,,,,94,,,
"BHR","Bahrain",,,,,,,,,,,,,,99.4,,,
"BGD","Bangladesh",,,,,,,,,,,,,,41,,,
"BRB","Barbados",,,,,,,,,,,,,,100,,,
"BLR","Belarus",,,,,,,,,,,,,,100,,,
"BEL","Belgium",,,,,,,,,,,,,,100,,,
"BLZ","Belize",,,,,,,,,,,,,,91.7,,,
"BEN","Benin",,,,,,,,,,,,,,24.8,,,
"BTN","Bhutan",,,,,,,,,,,,,,68.5,,,
"BOL","Bolivia, Plurinational State of",,,,,,,,,,,,,,77.5,,,
"BIH","Bosnia and Herzegovina",,,,,,,,,,,,,,100,,,
"BWA","Botswana",,,,,,,,,,,,,,45.4,,,
"BRA","Brazil",,,,,,,,,,,,,,97.8,,,
"BRN","Brunei Darussalam",,,,,,,,,,,,,,99.7,,,
"BGR","Bulgaria",,,,,,,,,,,,,,100,,,
"BFA","Burkina Faso",,,,,,,,,,,,,,10,,,
"BDI","Burundi",,,,,,,,,,,,,,2.8,,,
"KHM","Cambodia",,,,,,,,,,,,,,24,,,
"CMR","Cameroon",,,,,,,,,,,,,,29.4,,,
"CAN","Canada",,,,,,,,,,,,,,100,,,
"CPV","Cape Verde",,,,,,,,,,,,,,70.4,,,
"CAF","Central African Republic",,,,,,,,,,,,,,5.1,,,
"TCD","Chad",,,,,,,,,,,,,,3.5,,,
"CHL","Chile",,,,,,,,,,,,,,98.5,,,
"CHN","China",,,,,,,,,,,,,,99.4,,,
"COL","Colombia",,,,,,,,,,,,,,93.6,,,
"COM","Comoros",,,,,,,,,,,,,,40.1,,,
"COG","Congo",,,,,,,,,,,,,,30,,,
"COD","Congo, the Democratic Republic of the",,,,,,,,,,,,,,"#N/A",,,
"CRI","Costa Rica",,,,,,,,,,,,,,99.1,,,
"CIV","C�te d'Ivoire",,,,,,,,,,,,,,47.3,,,
"HRV","Croatia",,,,,,,,,,,,,,100,,,
"CUB","Cuba",,,,,,,,,,,,,,97,,,
"CYP","Cyprus",,,,,,,,,,,,,,100,,,
"CZE","Czech Republic",,,,,,,,,,,,,,100,,,
"DNK","Denmark",,,,,,,,,,,,,,100,,,
"DJI","Djibouti",,,,,,,,,,,,,,49.7,,,
"DMA","Dominica",,,,,,,,,,,,,,99,,,
"DOM","Dominican Republic",,,,,,,,,,,,,,95.9,,,
"ECU","Ecuador",,,,,,,,,,,,,,92.2,,,
"EGY","Egypt",,,,,,,,,,,,,,99.4,,,
"SLV","El Salvador",,,,,,,,,,,,,,86.4,,,
"GNQ","Equatorial Guinea",,,,,,,,,,,,,,27,,,
"ERI","Eritrea",,,,,,,,,,,,,,32,,,
"EST","Estonia",,,,,,,,,,,,,,100,,,
"ETH","Ethiopia",,,,,,,,,,,,,,15.3,,,
"FJI","Fiji",,,,,,,,,,,,,,60,,,
"FIN","Finland",,,,,,,,,,,,,,100,,,
"FRA","France",,,,,,,,,,,,,,100,,,
"GAB","Gabon",,,,,,,,,,,,,,36.7,,,
"GMB","Gambia",,,,,,,,,,,,,,8.3,,,
"GEO","Georgia",,,,,,,,,,,,,,100,,,
"DEU","Germany",,,,,,,,,,,,,,100,,,
"GHA","Ghana",,,,,,,,,,,,,,54,,,
"GRC","Greece",,,,,,,,,,,,,,100,,,
"GRD","Grenada",,,,,,,,,,,,,,99.5,,,
"GTM","Guatemala",,,,,,,,,,,,,,80.5,,,
"GIN","Guinea",,,,,,,,,,,,,,20.2,,,
"GNB","Guinea-Bissau",,,,,,,,,,,,,,11.5,,,
"GUY","Guyana",,,,,,,,,,,,,,77.5,,,
"HTI","Haiti",,,,,,,,,,,,,,38.5,,,
"HND","Honduras",,,,,,,,,,,,,,70.3,,,
"HUN","Hungary",,,,,,,,,,,,,,100,,,
"ISL","Iceland",,,,,,,,,,,,,,100,,,
"IND","India",,,,,,,,,,,,,,64.5,,,
"IDN","Indonesia",,,,,,,,,,,,,,64.5,,,
"IRN","Iran, Islamic Republic of",,,,,,,,,,,,,,98.4,,,
"IRQ","Iraq",,,,,,,,,,,,,,85,,,
"IRL","Ireland",,,,,,,,,,,,,,100,,,
"ISR","Israel",,,,,,,,,,,,,,100,,,
"ITA","Italy",,,,,,,,,,,,,,100,,,
"JAM","Jamaica",,,,,,,,,,,,,,92,,,
"JPN","Japan",,,,,,,,,,,,,,100,,,
"JOR","Jordan",,,,,,,,,,,,,,99.9,,,
"KAZ","Kazakhstan",,,,,,,,,,,,,,100,,,
"KEN","Kenya",,,,,,,,,,,,,,15,,,
"KIR","Kiribati",,,,,,,,,,,,,,60,,,
"PRK","Korea, Democratic People's Republic of",,,,,,,,,,,,,,"#N/A",,,
"KOR","Korea, Republic of",,,,,,,,,,,,,,26,,,
"KWT","Kuwait",,,,,,,,,,,,,,100,,,
"KGZ","Kyrgyzstan",,,,,,,,,,,,,,100,,,
"LAO","Lao People's Democratic Republic",,,,,,,,,,,,,,55,,,
"LVA","Latvia",,,,,,,,,,,,,,100,,,
"LBN","Lebanon",,,,,,,,,,,,,,99.9,,,
"LSO","Lesotho",,,,,,,,,,,,,,16,,,
"LBR","Liberia",,,,,,,,,,,,,,3.3,,,
"LBY","Libyan Arab Jamahiriya",,,,,,,,,,,,,,99.8,,,
"LIE","Liechtenstein",,,,,,,,,,,,,,100,,,
"LTU","Lithuania",,,,,,,,,,,,,,100,,,
"LUX","Luxembourg",,,,,,,,,,,,,,100,,,
"MDG","Madagascar",,,,,,,,,,,,,,19,,,
"MWI","Malawi",,,,,,,,,,,,,,9,,,
"MYS","Malaysia",,,,,,,,,,,,,,99.4,,,
"MDV","Maldives",,,,,,,,,,,,,,100,,,
"MLI","Mali",,,,,,,,,,,,,,17.4,,,
"MLT","Malta",,,,,,,,,,,,,,100,,,
"MHL","Marshall Islands",,,,,,,,,,,,,,74.5,,,
"MRT","Mauritania",,,,,,,,,,,,,,30.1,,,
"MUS","Mauritius",,,,,,,,,,,,,,99.4,,,
"MEX","Mexico",,,,,,,,,,,,,,98.5,,,
"FSM","Micronesia, Federated States of",,,,,,,,,,,,,,54,,,
"MDA","Moldova, Republic of",,,,,,,,,,,,,,100,,,
"MCO","Monaco",,,,,,,,,,,,,,100,,,
"MKD","Macedonia ",,,,,,,,,,,,,,100,,,
"MNG","Mongolia",,,,,,,,,,,,,,67,,,
"MNE","Montenegro",,,,,,,,,,,,,,100,,,
"MAR","Morocco",,,,,,,,,,,,,,97,,,
"MOZ","Mozambique",,,,,,,,,,,,,,11.7,,,
"MMR","Myanmar",,,,,,,,,,,,,,13,,,
"NAM","Namibia",,,,,,,,,,,,,,34,,,
"NRU","Nauru",,,,,,,,,,,,,,99.9,,,
"NPL","Nepal",,,,,,,,,,,,,,43.6,,,
"NLD","Netherlands",,,,,,,,,,,,,,100,,,
"NZL","New Zealand",,,,,,,,,,,,,,100,,,
"NIC","Nicaragua",,,,,,,,,,,,,,72.1,,,
"NER","Niger",,,,,,,,,,,,,,9.3,,,
"NGA","Nigeria",,,,,,,,,,,,,,46.8,,,
"NOR","Norway",,,,,,,,,,,,,,100,,,
"OMN","Oman",,,,,,,,,,,,,,98,,,
"PAK","Pakistan",,,,,,,,,,,,,,57.6,,,
"PLW","Palau",,,,,,,,,,,,,,99.5,,,
"PAN","Panama",,,,,,,,,,,,,,88.1,,,
"PNG","Papua New Guinea",,,,,,,,,,,,,,10,,,
"PRY","Paraguay",,,,,,,,,,,,,,94.5,,,
"PER","Peru",,,,,,,,,,,,,,76.9,,,
"PHL","Philippines",,,,,,,,,,,,,,86,,,
"POL","Poland",,,,,,,,,,,,,,100,,,
"PRT","Portugal",,,,,,,,,,,,,,100,,,
"QAT","Qatar",,,,,,,,,,,,,,98.7,,,
"ROU","Romania",,,,,,,,,,,,,,100,,,
"RUS","Russian Federation",,,,,,,,,,,,,,100,,,
"RWA","Rwanda",,,,,,,,,,,,,,4.8,,,
"KNA","Saint Kitts and Nevis",,,,,,,,,,,,,,87,,,
"LCA","Saint Lucia",,,,,,,,,,,,,,99,,,
"VCT","Saint Vincent and the Grenadines",,,,,,,,,,,,,,99,,,
"WSM","Samoa",,,,,,,,,,,,,,97,,,
"SMR","San Marino",,,,,,,,,,,,,,100,,,
"STP","Sao Tome and Principe",,,,,,,,,,,,,,48.5,,,
"SAU","Saudi Arabia",,,,,,,,,,,,,,99,,,
"SEN","Senegal",,,,,,,,,,,,,,42,,,
"SRB","Serbia",,,,,,,,,,,,,,100,,,
"SYC","Seychelles",,,,,,,,,,,,,,96,,,
"SLE","Sierra Leone",,,,,,,,,,,,,,5.1,,,
"SGP","Singapore",,,,,,,,,,,,,,100,,,
"SVK","Slovakia",,,,,,,,,,,,,,100,,,
"SVN","Slovenia",,,,,,,,,,,,,,100,,,
"SLB","Solomon Islands",,,,,,,,,,,,,,14.4,,,
"SOM","Somalia",,,,,,,,,,,,,,100,,,
"ZAF","South Africa",,,,,,,,,,,,,,75,,,
"ESP","Spain",,,,,,,,,,,,,,100,,,
"LKA","Sri Lanka",,,,,,,,,,,,,,76.6,,,
"SDN","Sudan",,,,,,,,,,,,,,31.4,,,
"SUR","Suriname",,,,,,,,,,,,,,78.6,,,
"SWZ","Swaziland",,,,,,,,,,,,,,29.7,,,
"SWE","Sweden",,,,,,,,,,,,,,100,,,
"CHE","Switzerland",,,,,,,,,,,,,,100,,,
"SYR","Syrian Arab Republic",,,,,,,,,,,,,,92.7,,,
"TJK","Tajikistan",,,,,,,,,,,,,,100,,,
"TZA","Tanzania, United Republic of",,,,,,,,,,,,,,11.5,,,
"THA","Thailand",,,,,,,,,,,,,,99.3,,,
"TLS","Timor-Leste",,,,,,,,,,,,,,22,,,
"TGO","Togo",,,,,,,,,,,,,,20,,,
"TON","Tonga",,,,,,,,,,,,,,92.3,,,
"TTO","Trinidad and Tobago",,,,,,,,,,,,,,99,,,
"TUN","Tunisia",,,,,,,,,,,,,,99.5,,,
"TUR","Turkey",,,,,,,,,,,,,,100,,,
"TKM","Turkmenistan",,,,,,,,,,,,,,100,,,
"TUV","Tuvalu",,,,,,,,,,,,,,98,,,
"UGA","Uganda",,,,,,,,,,,,,,9,,,
"UKR","Ukraine",,,,,,,,,,,,,,100,,,
"ARE","United Arab Emirates",,,,,,,,,,,,,,100,,,
"GBR","United Kingdom",,,,,,,,,,,,,,100,,,
"USA","United States",,,,,,,,,,,,,,100,,,
"URY","Uruguay",,,,,,,,,,,,,,99.5,,,
"UZB","Uzbekistan",,,,,,,,,,,,,,100,,,
"VUT","Vanuatu",,,,,,,,,,,,,,19,,,
"VEN","Venezuela, Bolivarian Republic of",,,,,,,,,,,,,,99,,,
"VNM","Viet Nam",,,,,,,,,,,,,,89,,,
"YEM","Yemen",,,,,,,,,,,,,,38.2,,,
"ZMB","Zambia",,,,,,,,,,,,,,18.8,,,
"ZWE","Zimbabwe",,,,,,,,,,,,,,41.5,,,
