"ISO3","name",1995,1996,1997,1998,1999,2000,2001,2002,2003,2004,2005,2006,2007,2008,2009,2010,2011
"AFG","Afghanistan",,,,,,4.3,,,,,,,,,,,
"ALB","Albania",,,,,,3.6,,,,,,,,,,,
"DZA","Algeria",,,,,,3.8,,,,,,,,,,,
"AND","Andorra",,,,,,3.7,,,,,,,,,,,
"AGO","Angola",,,,,,2.9,,,,,,,,,,,
"ATG","Antigua and Barbuda",,,,,,2.2,,,,,,,,,,,
"ARG","Argentina",,,,,,2.3,,,,,,,,,,,
"ARM","Armenia",,,,,,4.2,,,,,,,,,,,
"AUS","Australia",,,,,,2.6,,,,,,,,,,,
"AUT","Austria",,,,,,3.8,,,,,,,,,,,
"AZE","Azerbaijan",,,,,,4,,,,,,,,,,,
"BHS","Bahamas",,,,,,2.1,,,,,,,,,,,
"BHR","Bahrain",,,,,,3.6,,,,,,,,,,,
"BGD","Bangladesh ",,,,,,2.6,,,,,,,,,,,
"BRB","Barbados",,,,,,2,,,,,,,,,,,
"BLR","Belarus",,,,,,4.5,,,,,,,,,,,
"BEL","Belgium",,,,,,3.3,,,,,,,,,,,
"BLZ","Belize",,,,,,2.7,,,,,,,,,,,
"BEN","Benin",,,,,,2.8,,,,,,,,,,,
"BTN","Bhutan",,,,,,3.2,,,,,,,,,,,
"BOL","Bolivia, Plurinational State of",,,,,,3.1,,,,,,,,,,,
"BIH","Bosnia and Herzegovina",,,,,,3.4,,,,,,,,,,,
"BWA","Botswana",,,,,,3.3,,,,,,,,,,,
"BRA","Brazil",,,,,,2.8,,,,,,,,,,,
"BRN","Brunei Darussalam",,,,,,2,,,,,,,,,,,
"BGR","Bulgaria",,,,,,3.9,,,,,,,,,,,
"BFA","Burkina Faso",,,,,,2.9,,,,,,,,,,,
"BDI","Burundi",,,,,,2.7,,,,,,,,,,,
"KHM","Cambodia",,,,,,2.5,,,,,,,,,,,
"CMR","Cameroon",,,,,,2.6,,,,,,,,,,,
"CAN","Canada",,,,,,5,,,,,,,,,,,
"CPV","Cape Verde",,,,,,2.3,,,,,,,,,,,
"CAF","Central African Republic",,,,,,2.7,,,,,,,,,,,
"TCD","Chad",,,,,,3,,,,,,,,,,,
"CHL","Chile",,,,,,2.1,,,,,,,,,,,
"CHN","China",,,,,,4,,,,,,,,,,,
"COL","Colombia",,,,,,2.6,,,,,,,,,,,
"COM","Comoros",,,,,,2,,,,,,,,,,,
"COG","Congo",,,,,,2.5,,,,,,,,,,,
"COD","Congo, the Democratic Republic of the",,,,,,2.7,,,,,,,,,,,
"CRI","Costa Rica",,,,,,2.4,,,,,,,,,,,
"CIV","Côte d'Ivoire",,,,,,2.6,,,,,,,,,,,
"HRV","Croatia",,,,,,3.8,,,,,,,,,,,
"CUB","Cuba",,,,,,2.1,,,,,,,,,,,
"CYP","Cyprus",,,,,,3.1,,,,,,,,,,,
"CZE","Czech Republic",,,,,,3.7,,,,,,,,,,,
"DNK","Denmark",,,,,,3.4,,,,,,,,,,,
"DJI","Djibouti",,,,,,2.9,,,,,,,,,,,
"DMA","Dominica",,,,,,2,,,,,,,,,,,
"DOM","Dominican Republic",,,,,,2.1,,,,,,,,,,,
"ECU","Ecuador",,,,,,2.3,,,,,,,,,,,
"EGY","Egypt",,,,,,3.5,,,,,,,,,,,
"SLV","El Salvador",,,,,,2.6,,,,,,,,,,,
"GNQ","Equatorial Guinea",,,,,,2.3,,,,,,,,,,,
"ERI","Eritrea",,,,,,2.9,,,,,,,,,,,
"EST","Estonia",,,,,,4.6,,,,,,,,,,,
"ETH","Ethiopia",,,,,,2.7,,,,,,,,,,,
"FJI","Fiji",,,,,,1.8,,,,,,,,,,,
"FIN","Finland",,,,,,4.8,,,,,,,,,,,
"FRA","France",,,,,,3.4,,,,,,,,,,,
"GAB","Gabon",,,,,,2.4,,,,,,,,,,,
"GMB","Gambia",,,,,,2.7,,,,,,,,,,,
"GEO","Georgia",,,,,,3.9,,,,,,,,,,,
"DEU","Germany",,,,,,3.5,,,,,,,,,,,
"GHA","Ghana",,,,,,2.7,,,,,,,,,,,
"GRC","Greece",,,,,,3.3,,,,,,,,,,,
"GRD","Grenada",,,,,,2.1,,,,,,,,,,,
"GTM","Guatemala",,,,,,2.7,,,,,,,,,,,
"GIN","Guinea",,,,,,2.7,,,,,,,,,,,
"GNB","Guinea-Bissau",,,,,,2.7,,,,,,,,,,,
"GUY","Guyana",,,,,,2.8,,,,,,,,,,,
"HTI","Haiti",,,,,,2.2,,,,,,,,,,,
"HND","Honduras",,,,,,2.6,,,,,,,,,,,
"HUN","Hungary",,,,,,4,,,,,,,,,,,
"ISL","Iceland",,,,,,3.2,,,,,,,,,,,
"IND","India",,,,,,2.7,,,,,,,,,,,
"IDN","Indonesia",,,,,,2,,,,,,,,,,,
"IRN","Iran, Islamic Republic of",,,,,,4,,,,,,,,,,,
"IRQ","Iraq",,,,,,4.1,,,,,,,,,,,
"IRL","Ireland",,,,,,2.3,,,,,,,,,,,
"ISR","Israel",,,,,,3.3,,,,,,,,,,,
"ITA","Italy",,,,,,3.4,,,,,,,,,,,
"JAM","Jamaica",,,,,,2.1,,,,,,,,,,,
"JPN","Japan",,,,,,3,,,,,,,,,,,
"JOR","Jordan",,,,,,3.5,,,,,,,,,,,
"KAZ","Kazakhstan",,,,,,4.7,,,,,,,,,,,
"KEN","Kenya",,,,,,2.4,,,,,,,,,,,
"KIR","Kiribati",,,,,,2,,,,,,,,,,,
"PRK","Korea, Democratic People's Republic of",,,,,,4,,,,,,,,,,,
"KOR","Korea, Republic of",,,,,,3.3,,,,,,,,,,,
"KWT","Kuwait",,,,,,3.9,,,,,,,,,,,
"KGZ","Kyrgyzstan",,,,,,4.7,,,,,,,,,,,
"LAO","Lao People's Democratic Republic",,,,,,2.6,,,,,,,,,,,
"LVA","Latvia",,,,,,4.5,,,,,,,,,,,
"LBN","Lebanon",,,,,,3.3,,,,,,,,,,,
"LSO","Lesotho",,,,,,3,,,,,,,,,,,
"LBR","Liberia",,,,,,2.4,,,,,,,,,,,
"LBY","Libyan Arab Jamahiriya",,,,,,3.5,,,,,,,,,,,
"LIE","Liechtenstein",,,,,,3.7,,,,,,,,,,,
"LTU","Lithuania",,,,,,4.3,,,,,,,,,,,
"LUX","Luxembourg",,,,,,3.4,,,,,,,,,,,
"MDG","Madagascar",,,,,,2.3,,,,,,,,,,,
"MWI","Malawi",,,,,,2.7,,,,,,,,,,,
"MYS","Malaysia",,,,,,2.1,,,,,,,,,,,
"MDV","Maldives",,,,,,2,,,,,,,,,,,
"MLI","Mali",,,,,,3.3,,,,,,,,,,,
"MLT","Malta",,,,,,3,,,,,,,,,,,
"MHL","Marshall Islands",,,,,,1.9,,,,,,,,,,,
"MRT","Mauritania",,,,,,3.4,,,,,,,,,,,
"MUS","Mauritius",,,,,,1.8,,,,,,,,,,,
"MEX","Mexico",,,,,,2.8,,,,,,,,,,,
"FSM","Micronesia, Federated States of",,,,,,2,,,,,,,,,,,
"MDA","Moldova, Republic of",,,,,,3.7,,,,,,,,,,,
"MCO","Monaco",,,,,,3.5,,,,,,,,,,,
"MKD","Macedonia",,,,,,3.9,,,,,,,,,,,
"MNG","Mongolia",,,,,,4.6,,,,,,,,,,,
"MNE","Montenegro",,,,,,3.5,,,,,,,,,,,
"MAR","Morocco",,,,,,3.3,,,,,,,,,,,
"MOZ","Mozambique",,,,,,2.6,,,,,,,,,,,
"MMR","Myanmar",,,,,,2.5,,,,,,,,,,,
"NAM","Namibia",,,,,,3,,,,,,,,,,,
"NRU","Nauru",,,,,,2,,,,,,,,,,,
"NPL","Nepal",,,,,,3.3,,,,,,,,,,,
"NLD","Netherlands",,,,,,3.2,,,,,,,,,,,
"NZL","New Zealand",,,,,,1.9,,,,,,,,,,,
"NIC","Nicaragua",,,,,,2.5,,,,,,,,,,,
"NER","Niger",,,,,,3.1,,,,,,,,,,,
"NGA","Nigeria",,,,,,2.7,,,,,,,,,,,
"NOR","Norway",,,,,,3.7,,,,,,,,,,,
"OMN","Oman",,,,,,2.9,,,,,,,,,,,
"PAK","Pakistan",,,,,,3.5,,,,,,,,,,,
"PLW","Palau",,,,,,1.9,,,,,,,,,,,
"PAN","Panama",,,,,,2.3,,,,,,,,,,,
"PNG","Papua New Guinea",,,,,,2,,,,,,,,,,,
"PRY","Paraguay",,,,,,2.8,,,,,,,,,,,
"PER","Peru",,,,,,2.8,,,,,,,,,,,
"PHL","Philippines",,,,,,1.9,,,,,,,,,,,
"POL","Poland",,,,,,4,,,,,,,,,,,
"PRT","Portugal",,,,,,3,,,,,,,,,,,
"QAT","Qatar",,,,,,3.6,,,,,,,,,,,
"ROU","Romania",,,,,,4.2,,,,,,,,,,,
"RUS","Russian Federation",,,,,,5.4,,,,,,,,,,,
"RWA","Rwanda",,,,,,2.7,,,,,,,,,,,
"KNA","Saint Kitts and Nevis",,,,,,2.1,,,,,,,,,,,
"LCA","Saint Lucia",,,,,,2,,,,,,,,,,,
"VCT","Saint Vincent and the Grenadines",,,,,,2,,,,,,,,,,,
"WSM","Samoa",,,,,,1.7,,,,,,,,,,,
"SMR","San Marino",,,,,,3.6,,,,,,,,,,,
"STP","Sao Tome and Principe",,,,,,2.1,,,,,,,,,,,
"SAU","Saudi Arabia",,,,,,3.6,,,,,,,,,,,
"SEN","Senegal",,,,,,2.8,,,,,,,,,,,
"SRB","Serbia",,,,,,3.5,,,,,,,,,,,
"SYC","Seychelles",,,,,,2,,,,,,,,,,,
"SLE","Sierra Leone",,,,,,2.5,,,,,,,,,,,
"SGP","Singapore",,,,,,2.2,,,,,,,,,,,
"SVK","Slovakia",,,,,,4,,,,,,,,,,,
"SVN","Slovenia",,,,,,3.9,,,,,,,,,,,
"SLB","Solomon Islands",,,,,,1.9,,,,,,,,,,,
"SOM","Somalia",,,,,,2.5,,,,,,,,,,,
"ZAF","South Africa",,,,,,2.9,,,,,,,,,,,
"ESP","Spain",,,,,,3.5,,,,,,,,,,,
"LKA","Sri Lanka",,,,,,2.1,,,,,,,,,,,
"SDN","Sudan",,,,,,3,,,,,,,,,,,
"SUR","Suriname",,,,,,2.8,,,,,,,,,,,
"SWZ","Swaziland",,,,,,2.7,,,,,,,,,,,
"SWE","Sweden",,,,,,4.1,,,,,,,,,,,
"CHE","Switzerland",,,,,,3.7,,,,,,,,,,,
"SYR","Syrian Arab Republic",,,,,,3.8,,,,,,,,,,,
"TJK","Tajikistan",,,,,,4.6,,,,,,,,,,,
"TZA","Tanzania, United Republic of",,,,,,2.6,,,,,,,,,,,
"THA","Thailand",,,,,,2.4,,,,,,,,,,,
"TLS","Timor-Leste",,,,,,2.2,,,,,,,,,,,
"TGO","Togo",,,,,,2.7,,,,,,,,,,,
"TON","Tonga",,,,,,1.7,,,,,,,,,,,
"TTO","Trinidad and Tobago",,,,,,2.3,,,,,,,,,,,
"TUN","Tunisia",,,,,,3.4,,,,,,,,,,,
"TUR","Turkey",,,,,,3.7,,,,,,,,,,,
"TKM","Turkmenistan",,,,,,4,,,,,,,,,,,
"TUV","Tuvalu",,,,,,1.8,,,,,,,,,,,
"UGA","Uganda",,,,,,2.6,,,,,,,,,,,
"UKR","Ukraine",,,,,,4.4,,,,,,,,,,,
"ARE","United Arab Emirates",,,,,,3.5,,,,,,,,,,,
"GBR","United Kingdom",,,,,,2.7,,,,,,,,,,,
"USA","United States",,,,,,4.1,,,,,,,,,,,
"URY","Uruguay",,,,,,2.2,,,,,,,,,,,
"UZB","Uzbekistan",,,,,,4.4,,,,,,,,,,,
"VUT","Vanuatu",,,,,,1.9,,,,,,,,,,,
"VEN","Venezuela, Bolivarian Republic of",,,,,,2.7,,,,,,,,,,,
"VNM","Viet Nam",,,,,,2.5,,,,,,,,,,,
"YEM","Yemen",,,,,,2.9,,,,,,,,,,,
"ZMB","Zambia",,,,,,2.8,,,,,,,,,,,
"ZWE","Zimbabwe",,,,,,2.9,,,,,,,,,,,
